,visual parameter label,visual parameter value,xticks,yticks,ax_00_0_plot_x,ax_00_0_plot_y,preserved 0,preserved 1
0,xlabel,X-Axis Label,auto,auto,0,0.09934283,NONE_STR,NONE_STR
1,xrot,0,,,1,0.50647366,NONE_STR,NONE_STR
2,xmm,40,,,2,0.8316278,NONE_STR,NONE_STR
3,xscale,linear,,,3,0.70659375,NONE_STR,NONE_STR
4,xmin,auto,,,4,-0.08535015,NONE_STR,NONE_STR
5,xmax,auto,,,5,-0.18140803,NONE_STR,NONE_STR
6,xticks,['auto'],,,6,0.6269192,NONE_STR,NONE_STR
7,ylabel,Y-Axis Label,,,7,1.1537778,NONE_STR,NONE_STR
8,yrot,0,,,8,1.2899886,NONE_STR,NONE_STR
9,ymm,28,,,9,1.266673,NONE_STR,NONE_STR
10,yscale,linear,,,10,0.46789694,NONE_STR,NONE_STR
11,ymin,auto,,,11,0.08213882,NONE_STR,NONE_STR
12,ymax,auto,,,12,0.45539823,NONE_STR,NONE_STR
13,yticks,['auto'],,,13,0.7185019,NONE_STR,NONE_STR
14,,,,,14,1.3242733,NONE_STR,NONE_STR
15,,,,,15,1.5053285,NONE_STR,NONE_STR
16,,,,,16,0.7974338,NONE_STR,NONE_STR
17,,,,,17,0.4354329,NONE_STR,NONE_STR
18,,,,,18,0.11070884,NONE_STR,NONE_STR
19,,,,,19,0.530262,NONE_STR,NONE_STR
20,,,,,20,1.733883,NONE_STR,NONE_STR
21,,,,,21,1.5434026,NONE_STR,NONE_STR
22,,,,,22,1.1158644,NONE_STR,NONE_STR
23,,,,,23,0.1029103,NONE_STR,NONE_STR
24,,,,,24,-0.07854646,NONE_STR,NONE_STR
25,,,,,25,0.29068017,NONE_STR,NONE_STR
26,,,,,26,0.5698651,NONE_STR,NONE_STR
27,,,,,27,1.1525137,NONE_STR,NONE_STR
28,,,,,28,0.6837586,NONE_STR,NONE_STR
29,,,,,29,0.120242834,NONE_STR,NONE_STR
30,,,,,30,-0.43225077,NONE_STR,NONE_STR
31,,,,,31,0.032363404,NONE_STR,NONE_STR
32,,,,,32,-0.002699445,NONE_STR,NONE_STR
33,,,,,33,0.08580091,NONE_STR,NONE_STR
34,,,,,34,0.38629845,NONE_STR,NONE_STR
35,,,,,35,-0.45106617,NONE_STR,NONE_STR
36,,,,,36,-0.6268146,NONE_STR,NONE_STR
37,,,,,37,-1.2381387,NONE_STR,NONE_STR
38,,,,,38,-0.95939726,NONE_STR,NONE_STR
39,,,,,39,-0.40534842,NONE_STR,NONE_STR
40,,,,,40,-0.23619016,NONE_STR,NONE_STR
41,,,,,41,-0.56831706,NONE_STR,NONE_STR
42,,,,,42,-0.9663936,NONE_STR,NONE_STR
43,,,,,43,-1.2162908,NONE_STR,NONE_STR
44,,,,,44,-1.409817,NONE_STR,NONE_STR
45,,,,,45,-1.0500364,NONE_STR,NONE_STR
46,,,,,46,-0.8375051,NONE_STR,NONE_STR
47,,,,,47,-0.5748919,NONE_STR,NONE_STR
48,,,,,48,-0.9312763,NONE_STR,NONE_STR
49,,,,,49,-1.5566611,NONE_STR,NONE_STR
50,,,,,50,-1.1513764,NONE_STR,NONE_STR
51,,,,,51,-1.0848294,NONE_STR,NONE_STR
52,,,,,52,-0.8690309,NONE_STR,NONE_STR
53,,,,,53,-0.4854372,NONE_STR,NONE_STR
54,,,,,54,-0.5134754,NONE_STR,NONE_STR
55,,,,,55,-0.75717413,NONE_STR,NONE_STR
56,,,,,56,-1.1981736,NONE_STR,NONE_STR
57,,,,,57,-0.88590837,NONE_STR,NONE_STR
58,,,,,58,-0.3511277,NONE_STR,NONE_STR
59,,,,,59,0.09852018,NONE_STR,NONE_STR
60,,,,,60,-0.1926144,NONE_STR,NONE_STR
61,,,,,61,-0.4108037,NONE_STR,NONE_STR
62,,,,,62,-0.8332371,NONE_STR,NONE_STR
63,,,,,63,-0.7326187,NONE_STR,NONE_STR
64,,,,,64,0.16250516,NONE_STR,NONE_STR
65,,,,,65,0.8053745,NONE_STR,NONE_STR
66,,,,,66,0.68768805,NONE_STR,NONE_STR
67,,,,,67,0.60269433,NONE_STR,NONE_STR
68,,,,,68,0.033807736,NONE_STR,NONE_STR
69,,,,,69,-0.2636046,NONE_STR,NONE_STR
70,,,,,70,0.38335577,NONE_STR,NONE_STR
71,,,,,71,1.3078982,NONE_STR,NONE_STR
72,,,,,72,1.3767183,NONE_STR,NONE_STR
73,,,,,73,1.4710897,NONE_STR,NONE_STR
74,,,,,74,0.036631465,NONE_STR,NONE_STR
75,,,,,75,0.33966526,NONE_STR,NONE_STR
76,,,,,76,0.42441517,NONE_STR,NONE_STR
77,,,,,77,1.0413564,NONE_STR,NONE_STR
78,,,,,78,1.6876091,NONE_STR,NONE_STR
79,,,,,79,1.2202722,NONE_STR,NONE_STR
80,,,,,80,0.9560656,NONE_STR,NONE_STR
81,,,,,81,0.44400597,NONE_STR,NONE_STR
82,,,,,82,0.5878925,NONE_STR,NONE_STR
83,,,,,83,0.70906866,NONE_STR,NONE_STR
84,,,,,84,1.2790545,NONE_STR,NONE_STR
85,,,,,85,1.4882064,NONE_STR,NONE_STR
86,,,,,86,1.2854391,NONE_STR,NONE_STR
87,,,,,87,0.45361015,NONE_STR,NONE_STR
88,,,,,88,-0.075621955,NONE_STR,NONE_STR
89,,,,,89,0.37114915,NONE_STR,NONE_STR
90,,,,,90,0.81947935,NONE_STR,NONE_STR
91,,,,,91,1.2711031,NONE_STR,NONE_STR
92,,,,,92,0.6634757,NONE_STR,NONE_STR
93,,,,,93,0.11304916,NONE_STR,NONE_STR
94,,,,,94,-0.39033106,NONE_STR,NONE_STR
95,,,,,95,-0.63079524,NONE_STR,NONE_STR
96,,,,,96,0.059224054,NONE_STR,NONE_STR
97,,,,,97,0.34955415,NONE_STR,NONE_STR
98,,,,,98,0.22281215,NONE_STR,NONE_STR
99,,,,,99,-0.25381488,NONE_STR,NONE_STR
100,,,,,100,-0.95166147,NONE_STR,NONE_STR
101,,,,,101,-0.9303337,NONE_STR,NONE_STR
102,,,,,102,-0.762303,NONE_STR,NONE_STR
103,,,,,103,-0.60517615,NONE_STR,NONE_STR
104,,,,,104,-0.41614062,NONE_STR,NONE_STR
105,,,,,105,-0.52178055,NONE_STR,NONE_STR
106,,,,,106,-0.56602675,NONE_STR,NONE_STR
107,,,,,107,-1.1211545,NONE_STR,NONE_STR
108,,,,,108,-1.0626025,NONE_STR,NONE_STR
109,,,,,109,-0.9209568,NONE_STR,NONE_STR
110,,,,,110,-1.1291317,NONE_STR,NONE_STR
111,,,,,111,-0.7916192,NONE_STR,NONE_STR
112,,,,,112,-0.98795396,NONE_STR,NONE_STR
113,,,,,113,-0.7114046,NONE_STR,NONE_STR
114,,,,,114,-1.2546654,NONE_STR,NONE_STR
115,,,,,115,-0.94750357,NONE_STR,NONE_STR
116,,,,,116,-0.74058884,NONE_STR,NONE_STR
117,,,,,117,-0.8415081,NONE_STR,NONE_STR
118,,,,,118,-0.49111074,NONE_STR,NONE_STR
119,,,,,119,-0.79304355,NONE_STR,NONE_STR
120,,,,,120,-0.8721237,NONE_STR,NONE_STR
121,,,,,121,-1.0059434,NONE_STR,NONE_STR
122,,,,,122,-0.13682154,NONE_STR,NONE_STR
123,,,,,123,-0.37695906,NONE_STR,NONE_STR
124,,,,,124,0.020591864,NONE_STR,NONE_STR
125,,,,,125,0.06441922,NONE_STR,NONE_STR
126,,,,,126,-0.81007737,NONE_STR,NONE_STR
127,,,,,127,-0.60663694,NONE_STR,NONE_STR
128,,,,,128,0.019930273,NONE_STR,NONE_STR
129,,,,,129,0.4334314,NONE_STR,NONE_STR
130,,,,,130,0.3919574,NONE_STR,NONE_STR
131,,,,,131,0.41570038,NONE_STR,NONE_STR
132,,,,,132,-0.25098023,NONE_STR,NONE_STR
133,,,,,133,-0.039862163,NONE_STR,NONE_STR
134,,,,,134,0.12719178,NONE_STR,NONE_STR
135,,,,,135,1.3102778,NONE_STR,NONE_STR
136,,,,,136,1.2272328,NONE_STR,NONE_STR
137,,,,,137,1.0937487,NONE_STR,NONE_STR
138,,,,,138,0.72328395,NONE_STR,NONE_STR
139,,,,,139,-0.07088809,NONE_STR,NONE_STR
140,,,,,140,0.45249775,NONE_STR,NONE_STR
141,,,,,141,1.3625865,NONE_STR,NONE_STR
142,,,,,142,1.3477603,NONE_STR,NONE_STR
143,,,,,143,1.6547128,NONE_STR,NONE_STR
144,,,,,144,1.0519766,NONE_STR,NONE_STR
145,,,,,145,0.528948,NONE_STR,NONE_STR
146,,,,,146,0.04492351,NONE_STR,NONE_STR
147,,,,,147,0.5486314,NONE_STR,NONE_STR
148,,,,,148,1.5451416,NONE_STR,NONE_STR
149,,,,,149,1.6479547,NONE_STR,NONE_STR
150,,,,,150,1.1524574,NONE_STR,NONE_STR
151,,,,,151,0.45714957,NONE_STR,NONE_STR
152,,,,,152,-0.105674855,NONE_STR,NONE_STR
153,,,,,153,0.3149464,NONE_STR,NONE_STR
154,,,,,154,0.85867834,NONE_STR,NONE_STR
155,,,,,155,0.93450385,NONE_STR,NONE_STR
156,,,,,156,1.1770413,NONE_STR,NONE_STR
157,,,,,157,0.27334818,NONE_STR,NONE_STR
158,,,,,158,-0.5501701,NONE_STR,NONE_STR
159,,,,,159,-0.2067815,NONE_STR,NONE_STR
160,,,,,160,-0.19493634,NONE_STR,NONE_STR
161,,,,,161,0.45476002,NONE_STR,NONE_STR
162,,,,,162,0.4535086,NONE_STR,NONE_STR
163,,,,,163,-0.3710339,NONE_STR,NONE_STR
164,,,,,164,-0.4759121,NONE_STR,NONE_STR
165,,,,,165,-0.76364845,NONE_STR,NONE_STR
166,,,,,166,-0.529348,NONE_STR,NONE_STR
167,,,,,167,-0.06536208,NONE_STR,NONE_STR
168,,,,,168,-0.4329611,NONE_STR,NONE_STR
169,,,,,169,-0.753338,NONE_STR,NONE_STR
170,,,,,170,-1.1211668,NONE_STR,NONE_STR
171,,,,,171,-1.3192321,NONE_STR,NONE_STR
172,,,,,172,-1.1295329,NONE_STR,NONE_STR
173,,,,,173,-0.8378372,NONE_STR,NONE_STR
174,,,,,174,-0.6900392,NONE_STR,NONE_STR
175,,,,,175,-0.6208797,NONE_STR,NONE_STR
176,,,,,176,-0.9973996,NONE_STR,NONE_STR
177,,,,,177,-0.91334623,NONE_STR,NONE_STR
178,,,,,178,-1.2691245,NONE_STR,NONE_STR
179,,,,,179,-0.4637792,NONE_STR,NONE_STR
180,,,,,180,-0.60851306,NONE_STR,NONE_STR
181,,,,,181,-0.779204,NONE_STR,NONE_STR
182,,,,,182,-0.9338538,NONE_STR,NONE_STR
183,,,,,183,-0.8469357,NONE_STR,NONE_STR
184,,,,,184,-1.0750227,NONE_STR,NONE_STR
185,,,,,185,-0.6812658,NONE_STR,NONE_STR
186,,,,,186,-0.32273287,NONE_STR,NONE_STR
187,,,,,187,-0.11115462,NONE_STR,NONE_STR
188,,,,,188,-0.2661383,NONE_STR,NONE_STR
189,,,,,189,-0.67664135,NONE_STR,NONE_STR
190,,,,,190,-0.7012731,NONE_STR,NONE_STR
191,,,,,191,-0.32209763,NONE_STR,NONE_STR
192,,,,,192,0.042818747,NONE_STR,NONE_STR
193,,,,,193,0.28497875,NONE_STR,NONE_STR
194,,,,,194,0.7367263,NONE_STR,NONE_STR
195,,,,,195,0.47905123,NONE_STR,NONE_STR
196,,,,,196,-0.21529096,NONE_STR,NONE_STR
197,,,,,197,-0.10383563,NONE_STR,NONE_STR
198,,,,,198,0.32271838,NONE_STR,NONE_STR
199,,,,,199,0.77169687,NONE_STR,NONE_STR
200,,,,,200,1.455441,NONE_STR,NONE_STR
201,,,,,201,1.2703179,NONE_STR,NONE_STR
202,,,,,202,0.77719074,NONE_STR,NONE_STR
203,,,,,203,0.3860452,NONE_STR,NONE_STR
204,,,,,204,0.1314719,NONE_STR,NONE_STR
205,,,,,205,0.91359293,NONE_STR,NONE_STR
206,,,,,206,1.772264,NONE_STR,NONE_STR
207,,,,,207,1.7205431,NONE_STR,NONE_STR
208,,,,,208,1.1030096,NONE_STR,NONE_STR
209,,,,,209,1.1431297,NONE_STR,NONE_STR
210,,,,,210,0.40649176,NONE_STR,NONE_STR
211,,,,,211,1.0398358,NONE_STR,NONE_STR
212,,,,,212,1.6315536,NONE_STR,NONE_STR
213,,,,,213,1.718836,NONE_STR,NONE_STR
214,,,,,214,1.0393049,NONE_STR,NONE_STR
215,,,,,215,0.5396538,NONE_STR,NONE_STR
216,,,,,216,-0.12423496,NONE_STR,NONE_STR
217,,,,,217,0.22113194,NONE_STR,NONE_STR
218,,,,,218,0.7029911,NONE_STR,NONE_STR
219,,,,,219,1.0937489,NONE_STR,NONE_STR
220,,,,,220,1.266818,NONE_STR,NONE_STR
221,,,,,221,-0.19487146,NONE_STR,NONE_STR
222,,,,,222,-0.17465739,NONE_STR,NONE_STR
223,,,,,223,-0.6606354,NONE_STR,NONE_STR
224,,,,,224,-0.09438638,NONE_STR,NONE_STR
225,,,,,225,0.5151332,NONE_STR,NONE_STR
226,,,,,226,0.23464546,NONE_STR,NONE_STR
227,,,,,227,-0.4224464,NONE_STR,NONE_STR
228,,,,,228,-0.8116481,NONE_STR,NONE_STR
229,,,,,229,-0.71028507,NONE_STR,NONE_STR
230,,,,,230,-0.8398334,NONE_STR,NONE_STR
231,,,,,231,-0.40142897,NONE_STR,NONE_STR
232,,,,,232,-0.37476912,NONE_STR,NONE_STR
233,,,,,233,-0.7329108,NONE_STR,NONE_STR
234,,,,,234,-0.5144751,NONE_STR,NONE_STR
235,,,,,235,-1.0292863,NONE_STR,NONE_STR
236,,,,,236,-1.5191411,NONE_STR,NONE_STR
237,,,,,237,-0.86877674,NONE_STR,NONE_STR
238,,,,,238,-0.87773466,NONE_STR,NONE_STR
239,,,,,239,-0.6158297,NONE_STR,NONE_STR
240,,,,,240,-1.1585041,NONE_STR,NONE_STR
241,,,,,241,-1.2270004,NONE_STR,NONE_STR
242,,,,,242,-1.1151958,NONE_STR,NONE_STR
243,,,,,243,-0.834662,NONE_STR,NONE_STR
244,,,,,244,-0.97370577,NONE_STR,NONE_STR
245,,,,,245,-0.6746727,NONE_STR,NONE_STR
246,,,,,246,-0.81466436,NONE_STR,NONE_STR
247,,,,,247,-1.074096,NONE_STR,NONE_STR
248,,,,,248,-0.67723924,NONE_STR,NONE_STR
249,,,,,249,-0.7430695,NONE_STR,NONE_STR
250,,,,,250,-0.6695572,NONE_STR,NONE_STR
251,,,,,251,0.08698355,NONE_STR,NONE_STR
252,,,,,252,0.32765168,NONE_STR,NONE_STR
253,,,,,253,-0.16717885,NONE_STR,NONE_STR
254,,,,,254,-0.9158441,NONE_STR,NONE_STR
255,,,,,255,-0.5902242,NONE_STR,NONE_STR
256,,,,,256,0.25338224,NONE_STR,NONE_STR
257,,,,,257,0.3925926,NONE_STR,NONE_STR
258,,,,,258,0.790854,NONE_STR,NONE_STR
259,,,,,259,0.55691457,NONE_STR,NONE_STR
260,,,,,260,-0.22390556,NONE_STR,NONE_STR
261,,,,,261,-0.14648572,NONE_STR,NONE_STR
262,,,,,262,-0.33717683,NONE_STR,NONE_STR
263,,,,,263,0.7954134,NONE_STR,NONE_STR
264,,,,,264,1.3333699,NONE_STR,NONE_STR
265,,,,,265,0.9086043,NONE_STR,NONE_STR
266,,,,,266,0.8870627,NONE_STR,NONE_STR
267,,,,,267,-0.1107435,NONE_STR,NONE_STR
268,,,,,268,0.31899688,NONE_STR,NONE_STR
269,,,,,269,1.1273061,NONE_STR,NONE_STR
270,,,,,270,1.9575115,NONE_STR,NONE_STR
271,,,,,271,1.3306136,NONE_STR,NONE_STR
272,,,,,272,1.2326328,NONE_STR,NONE_STR
273,,,,,273,0.37463006,NONE_STR,NONE_STR
274,,,,,274,0.09601192,NONE_STR,NONE_STR
275,,,,,275,0.90514344,NONE_STR,NONE_STR
276,,,,,276,1.4805652,NONE_STR,NONE_STR
277,,,,,277,1.4685143,NONE_STR,NONE_STR
278,,,,,278,1.1163192,NONE_STR,NONE_STR
279,,,,,279,0.3107972,NONE_STR,NONE_STR
280,,,,,280,0.053033557,NONE_STR,NONE_STR
281,,,,,281,0.4009218,NONE_STR,NONE_STR
282,,,,,282,1.1172673,NONE_STR,NONE_STR
283,,,,,283,0.82981104,NONE_STR,NONE_STR
284,,,,,284,1.2304931,NONE_STR,NONE_STR
285,,,,,285,-0.21183598,NONE_STR,NONE_STR
286,,,,,286,-0.34226644,NONE_STR,NONE_STR
287,,,,,287,-0.2204288,NONE_STR,NONE_STR
288,,,,,288,0.056198373,NONE_STR,NONE_STR
289,,,,,289,0.1728032,NONE_STR,NONE_STR
290,,,,,290,0.18016501,NONE_STR,NONE_STR
291,,,,,291,-0.30549765,NONE_STR,NONE_STR
292,,,,,292,-0.7864603,NONE_STR,NONE_STR
293,,,,,293,-0.6762842,NONE_STR,NONE_STR
294,,,,,294,-0.62235695,NONE_STR,NONE_STR
295,,,,,295,-0.5833026,NONE_STR,NONE_STR
296,,,,,296,-0.2039635,NONE_STR,NONE_STR
297,,,,,297,-0.54113084,NONE_STR,NONE_STR
298,,,,,298,-0.7806915,NONE_STR,NONE_STR
299,,,,,299,-1.0301443,NONE_STR,NONE_STR
300,,,,,300,-1.2799115,NONE_STR,NONE_STR
301,,,,,301,-1.0181038,NONE_STR,NONE_STR
302,,,,,302,-0.59591866,NONE_STR,NONE_STR
303,,,,,303,-0.6642423,NONE_STR,NONE_STR
304,,,,,304,-1.0041803,NONE_STR,NONE_STR
305,,,,,305,-1.1805876,NONE_STR,NONE_STR
306,,,,,306,-0.9606602,NONE_STR,NONE_STR
307,,,,,307,-1.1261274,NONE_STR,NONE_STR
308,,,,,308,-0.62422705,NONE_STR,NONE_STR
309,,,,,309,-0.648211,NONE_STR,NONE_STR
310,,,,,310,-0.76321155,NONE_STR,NONE_STR
311,,,,,311,-0.7236748,NONE_STR,NONE_STR
312,,,,,312,-0.86524683,NONE_STR,NONE_STR
313,,,,,313,-0.66136396,NONE_STR,NONE_STR
314,,,,,314,-0.15628463,NONE_STR,NONE_STR
315,,,,,315,-0.09238807,NONE_STR,NONE_STR
316,,,,,316,0.03961104,NONE_STR,NONE_STR
317,,,,,317,-0.43572524,NONE_STR,NONE_STR
318,,,,,318,-0.54713684,NONE_STR,NONE_STR
319,,,,,319,-0.51940596,NONE_STR,NONE_STR
320,,,,,320,0.019399192,NONE_STR,NONE_STR
321,,,,,321,0.65315795,NONE_STR,NONE_STR
322,,,,,322,0.53844595,NONE_STR,NONE_STR
323,,,,,323,0.8204652,NONE_STR,NONE_STR
324,,,,,324,-0.23972295,NONE_STR,NONE_STR
325,,,,,325,-0.37741837,NONE_STR,NONE_STR
326,,,,,326,0.5426988,NONE_STR,NONE_STR
327,,,,,327,1.1586235,NONE_STR,NONE_STR
328,,,,,328,1.5087074,NONE_STR,NONE_STR
329,,,,,329,1.28383,NONE_STR,NONE_STR
330,,,,,330,0.55813116,NONE_STR,NONE_STR
331,,,,,331,-0.004166099,NONE_STR,NONE_STR
332,,,,,332,0.42216668,NONE_STR,NONE_STR
333,,,,,333,0.9657256,NONE_STR,NONE_STR
334,,,,,334,1.8642808,NONE_STR,NONE_STR
335,,,,,335,1.5883745,NONE_STR,NONE_STR
336,,,,,336,0.83490056,NONE_STR,NONE_STR
337,,,,,337,0.30830628,NONE_STR,NONE_STR
338,,,,,338,0.37489995,NONE_STR,NONE_STR
339,,,,,339,0.6999778,NONE_STR,NONE_STR
340,,,,,340,1.2763093,NONE_STR,NONE_STR
341,,,,,341,1.6372952,NONE_STR,NONE_STR
342,,,,,342,1.151352,NONE_STR,NONE_STR
343,,,,,343,0.2864713,NONE_STR,NONE_STR
344,,,,,344,-0.063877575,NONE_STR,NONE_STR
345,,,,,345,0.31490564,NONE_STR,NONE_STR
346,,,,,346,0.51044697,NONE_STR,NONE_STR
347,,,,,347,0.7958814,NONE_STR,NONE_STR
348,,,,,348,0.6601975,NONE_STR,NONE_STR
349,,,,,349,0.13589215,NONE_STR,NONE_STR
350,,,,,350,-0.24972792,NONE_STR,NONE_STR
351,,,,,351,-0.04302099,NONE_STR,NONE_STR
352,,,,,352,0.17153193,NONE_STR,NONE_STR
353,,,,,353,0.26535538,NONE_STR,NONE_STR
354,,,,,354,0.21798621,NONE_STR,NONE_STR
355,,,,,355,-0.40740332,NONE_STR,NONE_STR
356,,,,,356,-0.6722899,NONE_STR,NONE_STR
357,,,,,357,-0.9039364,NONE_STR,NONE_STR
358,,,,,358,-0.6292164,NONE_STR,NONE_STR
359,,,,,359,-0.61016685,NONE_STR,NONE_STR
360,,,,,360,-0.2800142,NONE_STR,NONE_STR
361,,,,,361,-0.29604295,NONE_STR,NONE_STR
362,,,,,362,-0.96501595,NONE_STR,NONE_STR
363,,,,,363,-1.0757277,NONE_STR,NONE_STR
364,,,,,364,-0.97608376,NONE_STR,NONE_STR
365,,,,,365,-0.98631173,NONE_STR,NONE_STR
366,,,,,366,-0.7005589,NONE_STR,NONE_STR
367,,,,,367,-0.7837979,NONE_STR,NONE_STR
368,,,,,368,-0.98046476,NONE_STR,NONE_STR
369,,,,,369,-1.358655,NONE_STR,NONE_STR
370,,,,,370,-1.2112912,NONE_STR,NONE_STR
371,,,,,371,-0.9082134,NONE_STR,NONE_STR
372,,,,,372,-0.4434178,NONE_STR,NONE_STR
373,,,,,373,-0.41591832,NONE_STR,NONE_STR
374,,,,,374,-0.2890388,NONE_STR,NONE_STR
375,,,,,375,-1.0968996,NONE_STR,NONE_STR
376,,,,,376,-0.85586596,NONE_STR,NONE_STR
377,,,,,377,-0.7873975,NONE_STR,NONE_STR
378,,,,,378,0.02058019,NONE_STR,NONE_STR
379,,,,,379,-0.2582485,NONE_STR,NONE_STR
380,,,,,380,-0.26472393,NONE_STR,NONE_STR
381,,,,,381,-0.49355042,NONE_STR,NONE_STR
382,,,,,382,-1.0367492,NONE_STR,NONE_STR
383,,,,,383,-0.5985284,NONE_STR,NONE_STR
384,,,,,384,-0.15182653,NONE_STR,NONE_STR
385,,,,,385,0.5642053,NONE_STR,NONE_STR
386,,,,,386,0.7704413,NONE_STR,NONE_STR
387,,,,,387,0.7772219,NONE_STR,NONE_STR
388,,,,,388,0.1515653,NONE_STR,NONE_STR
389,,,,,389,-0.24996138,NONE_STR,NONE_STR
390,,,,,390,0.1313937,NONE_STR,NONE_STR
391,,,,,391,1.0986748,NONE_STR,NONE_STR
392,,,,,392,1.1198368,NONE_STR,NONE_STR
393,,,,,393,1.5244527,NONE_STR,NONE_STR
394,,,,,394,0.7964685,NONE_STR,NONE_STR
395,,,,,395,0.08144964,NONE_STR,NONE_STR
396,,,,,396,0.064378865,NONE_STR,NONE_STR
397,,,,,397,1.3719324,NONE_STR,NONE_STR
398,,,,,398,1.646349,NONE_STR,NONE_STR
399,,,,,399,1.8653493,NONE_STR,NONE_STR
400,,,,,400,0.6811145,NONE_STR,NONE_STR
401,,,,,401,0.25270846,NONE_STR,NONE_STR
402,,,,,402,0.29336238,NONE_STR,NONE_STR
403,,,,,403,0.8221188,NONE_STR,NONE_STR
404,,,,,404,1.3507402,NONE_STR,NONE_STR
405,,,,,405,1.7131277,NONE_STR,NONE_STR
406,,,,,406,0.88883466,NONE_STR,NONE_STR
407,,,,,407,0.35938403,NONE_STR,NONE_STR
408,,,,,408,0.054389212,NONE_STR,NONE_STR
409,,,,,409,0.37138343,NONE_STR,NONE_STR
410,,,,,410,0.9423868,NONE_STR,NONE_STR
411,,,,,411,0.8524457,NONE_STR,NONE_STR
412,,,,,412,0.4970635,NONE_STR,NONE_STR
413,,,,,413,0.43411696,NONE_STR,NONE_STR
414,,,,,414,-0.24544664,NONE_STR,NONE_STR
415,,,,,415,-0.48778954,NONE_STR,NONE_STR
416,,,,,416,0.3102304,NONE_STR,NONE_STR
417,,,,,417,0.32047802,NONE_STR,NONE_STR
418,,,,,418,0.4576489,NONE_STR,NONE_STR
419,,,,,419,-0.19339375,NONE_STR,NONE_STR
420,,,,,420,-0.25643772,NONE_STR,NONE_STR
421,,,,,421,-0.49513647,NONE_STR,NONE_STR
422,,,,,422,-0.7435529,NONE_STR,NONE_STR
423,,,,,423,-0.25040647,NONE_STR,NONE_STR
424,,,,,424,-0.25480828,NONE_STR,NONE_STR
425,,,,,425,-0.32886443,NONE_STR,NONE_STR
426,,,,,426,-1.1362486,NONE_STR,NONE_STR
427,,,,,427,-1.0188597,NONE_STR,NONE_STR
428,,,,,428,-0.9024277,NONE_STR,NONE_STR
429,,,,,429,-1.2578155,NONE_STR,NONE_STR
430,,,,,430,-0.9820291,NONE_STR,NONE_STR
431,,,,,431,-1.1941628,NONE_STR,NONE_STR
432,,,,,432,-1.0538814,NONE_STR,NONE_STR
433,,,,,433,-1.0605446,NONE_STR,NONE_STR
434,,,,,434,-0.9157218,NONE_STR,NONE_STR
435,,,,,435,-0.99299407,NONE_STR,NONE_STR
436,,,,,436,-0.4079234,NONE_STR,NONE_STR
437,,,,,437,-0.88379276,NONE_STR,NONE_STR
438,,,,,438,-1.0603518,NONE_STR,NONE_STR
439,,,,,439,-0.9545397,NONE_STR,NONE_STR
440,,,,,440,-0.953517,NONE_STR,NONE_STR
441,,,,,441,-0.83060485,NONE_STR,NONE_STR
442,,,,,442,-0.83086884,NONE_STR,NONE_STR
443,,,,,443,-0.11441285,NONE_STR,NONE_STR
444,,,,,444,-0.35767347,NONE_STR,NONE_STR
445,,,,,445,-0.23973739,NONE_STR,NONE_STR
446,,,,,446,-0.53865045,NONE_STR,NONE_STR
447,,,,,447,-0.68135333,NONE_STR,NONE_STR
448,,,,,448,-0.10277338,NONE_STR,NONE_STR
449,,,,,449,0.3222838,NONE_STR,NONE_STR
450,,,,,450,0.6895543,NONE_STR,NONE_STR
451,,,,,451,0.5930162,NONE_STR,NONE_STR
452,,,,,452,-0.23566468,NONE_STR,NONE_STR
453,,,,,453,-0.033771347,NONE_STR,NONE_STR
454,,,,,454,0.2050251,NONE_STR,NONE_STR
455,,,,,455,0.84171635,NONE_STR,NONE_STR
456,,,,,456,1.3624774,NONE_STR,NONE_STR
457,,,,,457,0.9511125,NONE_STR,NONE_STR
458,,,,,458,0.44985062,NONE_STR,NONE_STR
459,,,,,459,-0.06429081,NONE_STR,NONE_STR
460,,,,,460,0.7999508,NONE_STR,NONE_STR
461,,,,,461,1.1082107,NONE_STR,NONE_STR
462,,,,,462,1.5293118,NONE_STR,NONE_STR
463,,,,,463,1.660582,NONE_STR,NONE_STR
464,,,,,464,0.9775344,NONE_STR,NONE_STR
465,,,,,465,0.32838953,NONE_STR,NONE_STR
466,,,,,466,0.415147,NONE_STR,NONE_STR
467,,,,,467,0.9642243,NONE_STR,NONE_STR
468,,,,,468,1.334653,NONE_STR,NONE_STR
469,,,,,469,1.4733942,NONE_STR,NONE_STR
470,,,,,470,1.0473484,NONE_STR,NONE_STR
471,,,,,471,-0.072524294,NONE_STR,NONE_STR
472,,,,,472,-0.27270812,NONE_STR,NONE_STR
473,,,,,473,0.54187053,NONE_STR,NONE_STR
474,,,,,474,1.1290574,NONE_STR,NONE_STR
475,,,,,475,1.0275669,NONE_STR,NONE_STR
476,,,,,476,0.91919774,NONE_STR,NONE_STR
477,,,,,477,0.24083161,NONE_STR,NONE_STR
478,,,,,478,0.3038667,NONE_STR,NONE_STR
479,,,,,479,-0.11417725,NONE_STR,NONE_STR
480,,,,,480,-0.025583519,NONE_STR,NONE_STR
481,,,,,481,0.10623501,NONE_STR,NONE_STR
482,,,,,482,-0.09949981,NONE_STR,NONE_STR
483,,,,,483,-0.16620472,NONE_STR,NONE_STR
484,,,,,484,-0.8198575,NONE_STR,NONE_STR
485,,,,,485,-1.1306554,NONE_STR,NONE_STR
486,,,,,486,-0.82307464,NONE_STR,NONE_STR
487,,,,,487,-0.6610303,NONE_STR,NONE_STR
488,,,,,488,-0.04645515,NONE_STR,NONE_STR
489,,,,,489,-0.4262628,NONE_STR,NONE_STR
490,,,,,490,-0.94485843,NONE_STR,NONE_STR
491,,,,,491,-0.86008126,NONE_STR,NONE_STR
492,,,,,492,-1.0986389,NONE_STR,NONE_STR
493,,,,,493,-1.0783244,NONE_STR,NONE_STR
494,,,,,494,-0.44075257,NONE_STR,NONE_STR
495,,,,,495,-0.6785344,NONE_STR,NONE_STR
496,,,,,496,-1.2074492,NONE_STR,NONE_STR
497,,,,,497,-1.2421209,NONE_STR,NONE_STR
498,,,,,498,-1.3913169,NONE_STR,NONE_STR
499,,,,,499,-1.284373,NONE_STR,NONE_STR
500,,,,,500,-0.548411,NONE_STR,NONE_STR
501,,,,,501,-0.22588915,NONE_STR,NONE_STR
502,,,,,502,-0.9993888,NONE_STR,NONE_STR
503,,,,,503,-0.8308363,NONE_STR,NONE_STR
504,,,,,504,-1.1604586,NONE_STR,NONE_STR
505,,,,,505,-0.92149097,NONE_STR,NONE_STR
506,,,,,506,-0.53585917,NONE_STR,NONE_STR
507,,,,,507,-0.269387,NONE_STR,NONE_STR
508,,,,,508,-0.087075226,NONE_STR,NONE_STR
509,,,,,509,-0.5398619,NONE_STR,NONE_STR
510,,,,,510,-0.55787873,NONE_STR,NONE_STR
511,,,,,511,-0.503425,NONE_STR,NONE_STR
512,,,,,512,-0.04778961,NONE_STR,NONE_STR
513,,,,,513,0.35261378,NONE_STR,NONE_STR
514,,,,,514,0.5867358,NONE_STR,NONE_STR
515,,,,,515,0.553066,NONE_STR,NONE_STR
516,,,,,516,0.061663967,NONE_STR,NONE_STR
517,,,,,517,-0.33009169,NONE_STR,NONE_STR
518,,,,,518,0.3309431,NONE_STR,NONE_STR
519,,,,,519,1.1505684,NONE_STR,NONE_STR
520,,,,,520,1.0500025,NONE_STR,NONE_STR
521,,,,,521,1.2668331,NONE_STR,NONE_STR
522,,,,,522,0.42805573,NONE_STR,NONE_STR
523,,,,,523,0.2894045,NONE_STR,NONE_STR
524,,,,,524,0.25435394,NONE_STR,NONE_STR
525,,,,,525,0.7401815,NONE_STR,NONE_STR
526,,,,,526,1.3437485,NONE_STR,NONE_STR
527,,,,,527,1.627403,NONE_STR,NONE_STR
528,,,,,528,1.0519445,NONE_STR,NONE_STR
529,,,,,529,0.19172013,NONE_STR,NONE_STR
530,,,,,530,0.42003214,NONE_STR,NONE_STR
531,,,,,531,0.4804187,NONE_STR,NONE_STR
532,,,,,532,1.4275373,NONE_STR,NONE_STR
533,,,,,533,1.3463545,NONE_STR,NONE_STR
534,,,,,534,0.97199154,NONE_STR,NONE_STR
535,,,,,535,0.39733967,NONE_STR,NONE_STR
536,,,,,536,-0.14175259,NONE_STR,NONE_STR
537,,,,,537,0.19158456,NONE_STR,NONE_STR
538,,,,,538,1.0013224,NONE_STR,NONE_STR
539,,,,,539,0.9619957,NONE_STR,NONE_STR
540,,,,,540,0.97102475,NONE_STR,NONE_STR
541,,,,,541,-0.047359787,NONE_STR,NONE_STR
542,,,,,542,-0.20594859,NONE_STR,NONE_STR
543,,,,,543,-0.04977851,NONE_STR,NONE_STR
544,,,,,544,-0.4943289,NONE_STR,NONE_STR
545,,,,,545,0.13796404,NONE_STR,NONE_STR
546,,,,,546,0.3372039,NONE_STR,NONE_STR
547,,,,,547,-0.24750653,NONE_STR,NONE_STR
548,,,,,548,-0.59435815,NONE_STR,NONE_STR
549,,,,,549,-0.9670017,NONE_STR,NONE_STR
550,,,,,550,-0.6764421,NONE_STR,NONE_STR
551,,,,,551,-0.47585613,NONE_STR,NONE_STR
552,,,,,552,-0.15032707,NONE_STR,NONE_STR
553,,,,,553,-0.55170655,NONE_STR,NONE_STR
554,,,,,554,-0.8757434,NONE_STR,NONE_STR
555,,,,,555,-1.2384454,NONE_STR,NONE_STR
556,,,,,556,-1.2116338,NONE_STR,NONE_STR
557,,,,,557,-0.9925793,NONE_STR,NONE_STR
558,,,,,558,-0.6664869,NONE_STR,NONE_STR
559,,,,,559,-0.87051326,NONE_STR,NONE_STR
560,,,,,560,-0.94204503,NONE_STR,NONE_STR
561,,,,,561,-0.7889729,NONE_STR,NONE_STR
562,,,,,562,-1.0419682,NONE_STR,NONE_STR
563,,,,,563,-1.0730177,NONE_STR,NONE_STR
564,,,,,564,-0.49340373,NONE_STR,NONE_STR
565,,,,,565,-0.68938756,NONE_STR,NONE_STR
566,,,,,566,-1.1273003,NONE_STR,NONE_STR
567,,,,,567,-1.1450474,NONE_STR,NONE_STR
568,,,,,568,-1.4044884,NONE_STR,NONE_STR
569,,,,,569,-0.8943686,NONE_STR,NONE_STR
570,,,,,570,-0.41369674,NONE_STR,NONE_STR
571,,,,,571,0.23869862,NONE_STR,NONE_STR
572,,,,,572,-0.03139408,NONE_STR,NONE_STR
573,,,,,573,-0.417492,NONE_STR,NONE_STR
574,,,,,574,-0.44608897,NONE_STR,NONE_STR
575,,,,,575,-0.93560445,NONE_STR,NONE_STR
576,,,,,576,0.04712291,NONE_STR,NONE_STR
577,,,,,577,0.68829954,NONE_STR,NONE_STR
578,,,,,578,0.40637282,NONE_STR,NONE_STR
579,,,,,579,0.63073856,NONE_STR,NONE_STR
580,,,,,580,0.029179811,NONE_STR,NONE_STR
581,,,,,581,-0.21763822,NONE_STR,NONE_STR
582,,,,,582,0.437633,NONE_STR,NONE_STR
583,,,,,583,1.4544295,NONE_STR,NONE_STR
584,,,,,584,1.4202567,NONE_STR,NONE_STR
585,,,,,585,1.207805,NONE_STR,NONE_STR
586,,,,,586,0.4687083,NONE_STR,NONE_STR
587,,,,,587,0.0053159017,NONE_STR,NONE_STR
588,,,,,588,0.5730729,NONE_STR,NONE_STR
589,,,,,589,0.9299412,NONE_STR,NONE_STR
590,,,,,590,1.6835701,NONE_STR,NONE_STR
591,,,,,591,1.5222545,NONE_STR,NONE_STR
592,,,,,592,1.095796,NONE_STR,NONE_STR
593,,,,,593,0.4393159,NONE_STR,NONE_STR
594,,,,,594,0.49982163,NONE_STR,NONE_STR
595,,,,,595,0.71071947,NONE_STR,NONE_STR
596,,,,,596,1.3867784,NONE_STR,NONE_STR
597,,,,,597,1.392805,NONE_STR,NONE_STR
598,,,,,598,1.0135001,NONE_STR,NONE_STR
599,,,,,599,0.46332005,NONE_STR,NONE_STR
600,,,,,600,0.18172781,NONE_STR,NONE_STR
601,,,,,601,0.0840626,NONE_STR,NONE_STR
602,,,,,602,0.973985,NONE_STR,NONE_STR
603,,,,,603,1.3485017,NONE_STR,NONE_STR
604,,,,,604,0.8865733,NONE_STR,NONE_STR
605,,,,,605,0.5539408,NONE_STR,NONE_STR
606,,,,,606,-0.46666726,NONE_STR,NONE_STR
607,,,,,607,-0.5870232,NONE_STR,NONE_STR
608,,,,,608,-0.35574406,NONE_STR,NONE_STR
609,,,,,609,0.59655195,NONE_STR,NONE_STR
610,,,,,610,0.3526626,NONE_STR,NONE_STR
611,,,,,611,-0.21801439,NONE_STR,NONE_STR
612,,,,,612,-0.6125936,NONE_STR,NONE_STR
613,,,,,613,-1.0713024,NONE_STR,NONE_STR
614,,,,,614,-0.20460968,NONE_STR,NONE_STR
615,,,,,615,-0.41887644,NONE_STR,NONE_STR
616,,,,,616,-0.36200452,NONE_STR,NONE_STR
617,,,,,617,-0.45743743,NONE_STR,NONE_STR
618,,,,,618,-0.84706205,NONE_STR,NONE_STR
619,,,,,619,-1.1112932,NONE_STR,NONE_STR
620,,,,,620,-1.2722075,NONE_STR,NONE_STR
621,,,,,621,-0.81177396,NONE_STR,NONE_STR
622,,,,,622,-0.36897248,NONE_STR,NONE_STR
623,,,,,623,-0.51723236,NONE_STR,NONE_STR
624,,,,,624,-0.6813627,NONE_STR,NONE_STR
625,,,,,625,-1.3062962,NONE_STR,NONE_STR
626,,,,,626,-1.4141141,NONE_STR,NONE_STR
627,,,,,627,-1.0329704,NONE_STR,NONE_STR
628,,,,,628,-0.7225015,NONE_STR,NONE_STR
629,,,,,629,-0.38893417,NONE_STR,NONE_STR
630,,,,,630,-1.0581683,NONE_STR,NONE_STR
631,,,,,631,-0.63752013,NONE_STR,NONE_STR
632,,,,,632,-1.0619316,NONE_STR,NONE_STR
633,,,,,633,-0.9094421,NONE_STR,NONE_STR
634,,,,,634,-0.6198013,NONE_STR,NONE_STR
635,,,,,635,-0.42756018,NONE_STR,NONE_STR
636,,,,,636,0.06785456,NONE_STR,NONE_STR
637,,,,,637,-0.3590083,NONE_STR,NONE_STR
638,,,,,638,-0.8699623,NONE_STR,NONE_STR
639,,,,,639,-0.7523931,NONE_STR,NONE_STR
640,,,,,640,-0.06715694,NONE_STR,NONE_STR
641,,,,,641,0.8679308,NONE_STR,NONE_STR
642,,,,,642,0.6501718,NONE_STR,NONE_STR
643,,,,,643,0.10135918,NONE_STR,NONE_STR
644,,,,,644,-0.08766808,NONE_STR,NONE_STR
645,,,,,645,-0.18912536,NONE_STR,NONE_STR
646,,,,,646,-0.22830069,NONE_STR,NONE_STR
647,,,,,647,0.9894319,NONE_STR,NONE_STR
648,,,,,648,1.3376966,NONE_STR,NONE_STR
649,,,,,649,1.2974023,NONE_STR,NONE_STR
650,,,,,650,0.9303717,NONE_STR,NONE_STR
651,,,,,651,0.40059778,NONE_STR,NONE_STR
652,,,,,652,0.35322803,NONE_STR,NONE_STR
653,,,,,653,0.8798528,NONE_STR,NONE_STR
654,,,,,654,2.183929,NONE_STR,NONE_STR
655,,,,,655,1.6296297,NONE_STR,NONE_STR
656,,,,,656,1.0027858,NONE_STR,NONE_STR
657,,,,,657,0.36775845,NONE_STR,NONE_STR
658,,,,,658,0.3319306,NONE_STR,NONE_STR
659,,,,,659,0.78385067,NONE_STR,NONE_STR
660,,,,,660,1.3260208,NONE_STR,NONE_STR
661,,,,,661,1.4791859,NONE_STR,NONE_STR
662,,,,,662,1.095808,NONE_STR,NONE_STR
663,,,,,663,0.27917498,NONE_STR,NONE_STR
664,,,,,664,-0.11223907,NONE_STR,NONE_STR
665,,,,,665,0.28978172,NONE_STR,NONE_STR
666,,,,,666,0.7490684,NONE_STR,NONE_STR
667,,,,,667,1.3781728,NONE_STR,NONE_STR
668,,,,,668,0.27369237,NONE_STR,NONE_STR
669,,,,,669,0.39688295,NONE_STR,NONE_STR
670,,,,,670,-0.0626924,NONE_STR,NONE_STR
671,,,,,671,-0.7527703,NONE_STR,NONE_STR
672,,,,,672,-0.06853752,NONE_STR,NONE_STR
673,,,,,673,0.22305493,NONE_STR,NONE_STR
674,,,,,674,-0.059712883,NONE_STR,NONE_STR
675,,,,,675,-0.3624608,NONE_STR,NONE_STR
676,,,,,676,-0.8907025,NONE_STR,NONE_STR
677,,,,,677,-0.49575055,NONE_STR,NONE_STR
678,,,,,678,-0.5066244,NONE_STR,NONE_STR
679,,,,,679,-0.19040966,NONE_STR,NONE_STR
680,,,,,680,-0.23954907,NONE_STR,NONE_STR
681,,,,,681,-0.8284011,NONE_STR,NONE_STR
682,,,,,682,-1.048168,NONE_STR,NONE_STR
683,,,,,683,-1.0581951,NONE_STR,NONE_STR
684,,,,,684,-1.3585382,NONE_STR,NONE_STR
685,,,,,685,-0.76346797,NONE_STR,NONE_STR
686,,,,,686,-0.7934424,NONE_STR,NONE_STR
687,,,,,687,-0.86128056,NONE_STR,NONE_STR
688,,,,,688,-0.857808,NONE_STR,NONE_STR
689,,,,,689,-1.1152004,NONE_STR,NONE_STR
690,,,,,690,-1.2883865,NONE_STR,NONE_STR
691,,,,,691,-0.7759471,NONE_STR,NONE_STR
692,,,,,692,-0.9498592,NONE_STR,NONE_STR
693,,,,,693,-0.48458534,NONE_STR,NONE_STR
694,,,,,694,-0.601055,NONE_STR,NONE_STR
695,,,,,695,-1.0053395,NONE_STR,NONE_STR
696,,,,,696,-0.9651035,NONE_STR,NONE_STR
697,,,,,697,-1.0742886,NONE_STR,NONE_STR
698,,,,,698,-0.232575,NONE_STR,NONE_STR
699,,,,,699,-0.13356927,NONE_STR,NONE_STR
700,,,,,700,-0.20132416,NONE_STR,NONE_STR
701,,,,,701,-0.16387007,NONE_STR,NONE_STR
702,,,,,702,-0.75283885,NONE_STR,NONE_STR
703,,,,,703,-0.77506965,NONE_STR,NONE_STR
704,,,,,704,-0.31132585,NONE_STR,NONE_STR
705,,,,,705,0.6553285,NONE_STR,NONE_STR
706,,,,,706,0.4460042,NONE_STR,NONE_STR
707,,,,,707,0.7529466,NONE_STR,NONE_STR
708,,,,,708,-0.45490536,NONE_STR,NONE_STR
709,,,,,709,0.20471062,NONE_STR,NONE_STR
710,,,,,710,0.35328013,NONE_STR,NONE_STR
711,,,,,711,0.98094827,NONE_STR,NONE_STR
712,,,,,712,1.2748996,NONE_STR,NONE_STR
713,,,,,713,1.2379882,NONE_STR,NONE_STR
714,,,,,714,0.55305356,NONE_STR,NONE_STR
715,,,,,715,0.39594516,NONE_STR,NONE_STR
716,,,,,716,0.4298513,NONE_STR,NONE_STR
717,,,,,717,1.1312183,NONE_STR,NONE_STR
718,,,,,718,1.5965345,NONE_STR,NONE_STR
719,,,,,719,1.6063969,NONE_STR,NONE_STR
720,,,,,720,1.0615604,NONE_STR,NONE_STR
721,,,,,721,0.030549778,NONE_STR,NONE_STR
722,,,,,722,0.022676568,NONE_STR,NONE_STR
723,,,,,723,0.96137553,NONE_STR,NONE_STR
724,,,,,724,1.4749264,NONE_STR,NONE_STR
725,,,,,725,1.551761,NONE_STR,NONE_STR
726,,,,,726,1.1060455,NONE_STR,NONE_STR
727,,,,,727,0.45737627,NONE_STR,NONE_STR
728,,,,,728,-0.07762185,NONE_STR,NONE_STR
729,,,,,729,0.112834714,NONE_STR,NONE_STR
730,,,,,730,0.83923286,NONE_STR,NONE_STR
731,,,,,731,0.88169956,NONE_STR,NONE_STR
732,,,,,732,0.8855369,NONE_STR,NONE_STR
733,,,,,733,-0.16193514,NONE_STR,NONE_STR
734,,,,,734,-0.106078304,NONE_STR,NONE_STR
735,,,,,735,-0.24357274,NONE_STR,NONE_STR
736,,,,,736,0.051205948,NONE_STR,NONE_STR
737,,,,,737,0.4938813,NONE_STR,NONE_STR
738,,,,,738,0.5548843,NONE_STR,NONE_STR
739,,,,,739,-0.004023436,NONE_STR,NONE_STR
740,,,,,740,-1.0367621,NONE_STR,NONE_STR
741,,,,,741,-1.10212,NONE_STR,NONE_STR
742,,,,,742,-0.8187238,NONE_STR,NONE_STR
743,,,,,743,-0.43950248,NONE_STR,NONE_STR
744,,,,,744,-0.28035167,NONE_STR,NONE_STR
745,,,,,745,-0.7477395,NONE_STR,NONE_STR
746,,,,,746,-0.90591055,NONE_STR,NONE_STR
747,,,,,747,-1.3071467,NONE_STR,NONE_STR
748,,,,,748,-1.2364161,NONE_STR,NONE_STR
749,,,,,749,-1.1873999,NONE_STR,NONE_STR
750,,,,,750,-0.930024,NONE_STR,NONE_STR
751,,,,,751,-1.0566533,NONE_STR,NONE_STR
752,,,,,752,-1.1951747,NONE_STR,NONE_STR
753,,,,,753,-0.9933247,NONE_STR,NONE_STR
754,,,,,754,-1.406073,NONE_STR,NONE_STR
755,,,,,755,-0.48133662,NONE_STR,NONE_STR
756,,,,,756,-0.63498294,NONE_STR,NONE_STR
757,,,,,757,-0.57080525,NONE_STR,NONE_STR
758,,,,,758,-0.8913469,NONE_STR,NONE_STR
759,,,,,759,-0.8033682,NONE_STR,NONE_STR
760,,,,,760,-1.1454576,NONE_STR,NONE_STR
761,,,,,761,-0.79966396,NONE_STR,NONE_STR
762,,,,,762,0.09463651,NONE_STR,NONE_STR
763,,,,,763,-0.11580082,NONE_STR,NONE_STR
764,,,,,764,0.13307512,NONE_STR,NONE_STR
765,,,,,765,-0.5143072,NONE_STR,NONE_STR
766,,,,,766,-0.6189678,NONE_STR,NONE_STR
767,,,,,767,-0.13921726,NONE_STR,NONE_STR
768,,,,,768,-0.1253934,NONE_STR,NONE_STR
769,,,,,769,0.8966162,NONE_STR,NONE_STR
770,,,,,770,0.84364045,NONE_STR,NONE_STR
771,,,,,771,0.28949443,NONE_STR,NONE_STR
772,,,,,772,0.087962076,NONE_STR,NONE_STR
773,,,,,773,0.059930243,NONE_STR,NONE_STR
774,,,,,774,0.43543863,NONE_STR,NONE_STR
775,,,,,775,0.686246,NONE_STR,NONE_STR
776,,,,,776,1.238456,NONE_STR,NONE_STR
777,,,,,777,1.1086572,NONE_STR,NONE_STR
778,,,,,778,0.5456938,NONE_STR,NONE_STR
779,,,,,779,0.2994192,NONE_STR,NONE_STR
780,,,,,780,0.44254598,NONE_STR,NONE_STR
781,,,,,781,0.8340891,NONE_STR,NONE_STR
782,,,,,782,1.7452965,NONE_STR,NONE_STR
783,,,,,783,1.7399031,NONE_STR,NONE_STR
784,,,,,784,1.1119581,NONE_STR,NONE_STR
785,,,,,785,0.5887396,NONE_STR,NONE_STR
786,,,,,786,0.45909807,NONE_STR,NONE_STR
787,,,,,787,0.9045587,NONE_STR,NONE_STR
788,,,,,788,1.4267201,NONE_STR,NONE_STR
789,,,,,789,1.2563655,NONE_STR,NONE_STR
790,,,,,790,1.1882824,NONE_STR,NONE_STR
791,,,,,791,0.42939746,NONE_STR,NONE_STR
792,,,,,792,0.08464585,NONE_STR,NONE_STR
793,,,,,793,0.013145946,NONE_STR,NONE_STR
794,,,,,794,0.5838525,NONE_STR,NONE_STR
795,,,,,795,1.2880046,NONE_STR,NONE_STR
796,,,,,796,0.7959753,NONE_STR,NONE_STR
797,,,,,797,0.3148817,NONE_STR,NONE_STR
798,,,,,798,-0.30624574,NONE_STR,NONE_STR
799,,,,,799,-0.332141,NONE_STR,NONE_STR
800,,,,,800,0.18765676,NONE_STR,NONE_STR
801,,,,,801,0.19413415,NONE_STR,NONE_STR
802,,,,,802,0.24101362,NONE_STR,NONE_STR
803,,,,,803,-0.2993525,NONE_STR,NONE_STR
804,,,,,804,-0.75548655,NONE_STR,NONE_STR
805,,,,,805,-0.90803903,NONE_STR,NONE_STR
806,,,,,806,-0.6493333,NONE_STR,NONE_STR
807,,,,,807,-0.5404704,NONE_STR,NONE_STR
808,,,,,808,-0.13273226,NONE_STR,NONE_STR
809,,,,,809,-0.7815122,NONE_STR,NONE_STR
810,,,,,810,-0.98063827,NONE_STR,NONE_STR
811,,,,,811,-1.2440163,NONE_STR,NONE_STR
812,,,,,812,-0.824717,NONE_STR,NONE_STR
813,,,,,813,-0.8667567,NONE_STR,NONE_STR
814,,,,,814,-0.53900844,NONE_STR,NONE_STR
815,,,,,815,-1.0834285,NONE_STR,NONE_STR
816,,,,,816,-0.94658995,NONE_STR,NONE_STR
817,,,,,817,-1.0261269,NONE_STR,NONE_STR
818,,,,,818,-1.1997364,NONE_STR,NONE_STR
819,,,,,819,-0.79471695,NONE_STR,NONE_STR
820,,,,,820,-0.8371042,NONE_STR,NONE_STR
821,,,,,821,-0.325903,NONE_STR,NONE_STR
822,,,,,822,-0.25989568,NONE_STR,NONE_STR
823,,,,,823,-1.0159979,NONE_STR,NONE_STR
824,,,,,824,-1.1194305,NONE_STR,NONE_STR
825,,,,,825,-0.533389,NONE_STR,NONE_STR
826,,,,,826,-0.10146597,NONE_STR,NONE_STR
827,,,,,827,-0.20116085,NONE_STR,NONE_STR
828,,,,,828,-0.18081692,NONE_STR,NONE_STR
829,,,,,829,-0.43002883,NONE_STR,NONE_STR
830,,,,,830,-0.8808602,NONE_STR,NONE_STR
831,,,,,831,-0.67710775,NONE_STR,NONE_STR
832,,,,,832,-0.20082815,NONE_STR,NONE_STR
833,,,,,833,0.380567,NONE_STR,NONE_STR
834,,,,,834,0.6951531,NONE_STR,NONE_STR
835,,,,,835,0.44883072,NONE_STR,NONE_STR
836,,,,,836,0.27158064,NONE_STR,NONE_STR
837,,,,,837,-0.33425146,NONE_STR,NONE_STR
838,,,,,838,0.5079411,NONE_STR,NONE_STR
839,,,,,839,0.9574931,NONE_STR,NONE_STR
840,,,,,840,1.3739908,NONE_STR,NONE_STR
841,,,,,841,1.2931249,NONE_STR,NONE_STR
842,,,,,842,0.3360361,NONE_STR,NONE_STR
843,,,,,843,0.2517667,NONE_STR,NONE_STR
844,,,,,844,0.4402962,NONE_STR,NONE_STR
845,,,,,845,1.1996481,NONE_STR,NONE_STR
846,,,,,846,1.7270906,NONE_STR,NONE_STR
847,,,,,847,2.108846,NONE_STR,NONE_STR
848,,,,,848,0.872452,NONE_STR,NONE_STR
849,,,,,849,0.26638407,NONE_STR,NONE_STR
850,,,,,850,0.16768555,NONE_STR,NONE_STR
851,,,,,851,0.7016273,NONE_STR,NONE_STR
852,,,,,852,1.3132758,NONE_STR,NONE_STR
853,,,,,853,1.8263611,NONE_STR,NONE_STR
854,,,,,854,1.3864596,NONE_STR,NONE_STR
855,,,,,855,0.27371067,NONE_STR,NONE_STR
856,,,,,856,-0.13614103,NONE_STR,NONE_STR
857,,,,,857,0.36277878,NONE_STR,NONE_STR
858,,,,,858,0.68961924,NONE_STR,NONE_STR
859,,,,,859,1.2039605,NONE_STR,NONE_STR
860,,,,,860,0.8444709,NONE_STR,NONE_STR
861,,,,,861,-0.12456724,NONE_STR,NONE_STR
862,,,,,862,-0.002408393,NONE_STR,NONE_STR
863,,,,,863,0.021083301,NONE_STR,NONE_STR
864,,,,,864,-0.12255774,NONE_STR,NONE_STR
865,,,,,865,0.21980278,NONE_STR,NONE_STR
866,,,,,866,0.27896252,NONE_STR,NONE_STR
867,,,,,867,-0.1400061,NONE_STR,NONE_STR
868,,,,,868,-0.53687847,NONE_STR,NONE_STR
869,,,,,869,-0.4441637,NONE_STR,NONE_STR
870,,,,,870,-0.7291495,NONE_STR,NONE_STR
871,,,,,871,-0.60438013,NONE_STR,NONE_STR
872,,,,,872,-0.6597473,NONE_STR,NONE_STR
873,,,,,873,-0.74877673,NONE_STR,NONE_STR
874,,,,,874,-0.9498893,NONE_STR,NONE_STR
875,,,,,875,-0.7971585,NONE_STR,NONE_STR
876,,,,,876,-1.2176348,NONE_STR,NONE_STR
877,,,,,877,-0.86131,NONE_STR,NONE_STR
878,,,,,878,-0.74866194,NONE_STR,NONE_STR
879,,,,,879,-0.54863775,NONE_STR,NONE_STR
880,,,,,880,-0.49461353,NONE_STR,NONE_STR
881,,,,,881,-1.3102268,NONE_STR,NONE_STR
882,,,,,882,-1.3140811,NONE_STR,NONE_STR
883,,,,,883,-0.7989809,NONE_STR,NONE_STR
884,,,,,884,-0.5972682,NONE_STR,NONE_STR
885,,,,,885,-0.238431,NONE_STR,NONE_STR
886,,,,,886,-0.60288966,NONE_STR,NONE_STR
887,,,,,887,-1.0152886,NONE_STR,NONE_STR
888,,,,,888,-0.91219914,NONE_STR,NONE_STR
889,,,,,889,-0.6023252,NONE_STR,NONE_STR
890,,,,,890,-0.25328395,NONE_STR,NONE_STR
891,,,,,891,0.0048659644,NONE_STR,NONE_STR
892,,,,,892,0.116555385,NONE_STR,NONE_STR
893,,,,,893,-0.13981278,NONE_STR,NONE_STR
894,,,,,894,-0.3355383,NONE_STR,NONE_STR
895,,,,,895,-0.3636354,NONE_STR,NONE_STR
896,,,,,896,-0.033423617,NONE_STR,NONE_STR
897,,,,,897,0.56346923,NONE_STR,NONE_STR
898,,,,,898,0.94339186,NONE_STR,NONE_STR
899,,,,,899,0.23860064,NONE_STR,NONE_STR
900,,,,,900,0.03521519,NONE_STR,NONE_STR
901,,,,,901,-0.21324842,NONE_STR,NONE_STR
902,,,,,902,0.3168256,NONE_STR,NONE_STR
903,,,,,903,1.2559813,NONE_STR,NONE_STR
904,,,,,904,1.4221033,NONE_STR,NONE_STR
905,,,,,905,1.1674483,NONE_STR,NONE_STR
906,,,,,906,0.28860927,NONE_STR,NONE_STR
907,,,,,907,0.3245355,NONE_STR,NONE_STR
908,,,,,908,0.5361026,NONE_STR,NONE_STR
909,,,,,909,1.533809,NONE_STR,NONE_STR
910,,,,,910,1.6077013,NONE_STR,NONE_STR
911,,,,,911,1.6616161,NONE_STR,NONE_STR
912,,,,,912,1.0498767,NONE_STR,NONE_STR
913,,,,,913,0.6880741,NONE_STR,NONE_STR
914,,,,,914,0.27325454,NONE_STR,NONE_STR
915,,,,,915,0.86852705,NONE_STR,NONE_STR
916,,,,,916,1.5623326,NONE_STR,NONE_STR
917,,,,,917,1.6258795,NONE_STR,NONE_STR
918,,,,,918,1.013072,NONE_STR,NONE_STR
919,,,,,919,0.42667794,NONE_STR,NONE_STR
920,,,,,920,0.24505644,NONE_STR,NONE_STR
921,,,,,921,0.0631926,NONE_STR,NONE_STR
922,,,,,922,0.8266578,NONE_STR,NONE_STR
923,,,,,923,0.93735,NONE_STR,NONE_STR
924,,,,,924,1.0428957,NONE_STR,NONE_STR
925,,,,,925,-0.12605579,NONE_STR,NONE_STR
926,,,,,926,-0.4236938,NONE_STR,NONE_STR
927,,,,,927,-0.26264986,NONE_STR,NONE_STR
928,,,,,928,0.3131048,NONE_STR,NONE_STR
929,,,,,929,0.28419304,NONE_STR,NONE_STR
930,,,,,930,0.11074955,NONE_STR,NONE_STR
931,,,,,931,0.16933396,NONE_STR,NONE_STR
932,,,,,932,-0.9581901,NONE_STR,NONE_STR
933,,,,,933,-1.2859658,NONE_STR,NONE_STR
934,,,,,934,-0.6057572,NONE_STR,NONE_STR
935,,,,,935,-0.5451315,NONE_STR,NONE_STR
936,,,,,936,-0.58813006,NONE_STR,NONE_STR
937,,,,,937,-0.46091944,NONE_STR,NONE_STR
938,,,,,938,-0.8945038,NONE_STR,NONE_STR
939,,,,,939,-1.2688857,NONE_STR,NONE_STR
940,,,,,940,-1.3701735,NONE_STR,NONE_STR
941,,,,,941,-0.73157614,NONE_STR,NONE_STR
942,,,,,942,-0.61533713,NONE_STR,NONE_STR
943,,,,,943,-0.80615157,NONE_STR,NONE_STR
944,,,,,944,-0.6306726,NONE_STR,NONE_STR
945,,,,,945,-1.4180701,NONE_STR,NONE_STR
946,,,,,946,-1.5212982,NONE_STR,NONE_STR
947,,,,,947,-1.1461947,NONE_STR,NONE_STR
948,,,,,948,-0.7427637,NONE_STR,NONE_STR
949,,,,,949,-0.55910456,NONE_STR,NONE_STR
950,,,,,950,-0.7679225,NONE_STR,NONE_STR
951,,,,,951,-0.8730191,NONE_STR,NONE_STR
952,,,,,952,-1.280638,NONE_STR,NONE_STR
953,,,,,953,-0.53531295,NONE_STR,NONE_STR
954,,,,,954,-0.43381062,NONE_STR,NONE_STR
955,,,,,955,0.12687032,NONE_STR,NONE_STR
956,,,,,956,-0.028234486,NONE_STR,NONE_STR
957,,,,,957,-0.28232127,NONE_STR,NONE_STR
958,,,,,958,-0.49801666,NONE_STR,NONE_STR
959,,,,,959,-0.40383565,NONE_STR,NONE_STR
960,,,,,960,0.12854455,NONE_STR,NONE_STR
961,,,,,961,0.79995704,NONE_STR,NONE_STR
962,,,,,962,0.7413943,NONE_STR,NONE_STR
963,,,,,963,0.54378855,NONE_STR,NONE_STR
964,,,,,964,-0.05646661,NONE_STR,NONE_STR
965,,,,,965,0.1534428,NONE_STR,NONE_STR
966,,,,,966,0.17579818,NONE_STR,NONE_STR
967,,,,,967,1.360479,NONE_STR,NONE_STR
968,,,,,968,1.3758519,NONE_STR,NONE_STR
969,,,,,969,0.87200594,NONE_STR,NONE_STR
970,,,,,970,0.58620137,NONE_STR,NONE_STR
971,,,,,971,0.039074443,NONE_STR,NONE_STR
972,,,,,972,0.57513446,NONE_STR,NONE_STR
973,,,,,973,0.97063315,NONE_STR,NONE_STR
974,,,,,974,1.5800202,NONE_STR,NONE_STR
975,,,,,975,1.2398778,NONE_STR,NONE_STR
976,,,,,976,0.90953875,NONE_STR,NONE_STR
977,,,,,977,-0.11219241,NONE_STR,NONE_STR
978,,,,,978,-0.024466911,NONE_STR,NONE_STR
979,,,,,979,0.96480566,NONE_STR,NONE_STR
980,,,,,980,1.5979134,NONE_STR,NONE_STR
981,,,,,981,1.6736493,NONE_STR,NONE_STR
982,,,,,982,0.9089635,NONE_STR,NONE_STR
983,,,,,983,0.37831765,NONE_STR,NONE_STR
984,,,,,984,0.029609578,NONE_STR,NONE_STR
985,,,,,985,0.036822725,NONE_STR,NONE_STR
986,,,,,986,1.1007435,NONE_STR,NONE_STR
987,,,,,987,1.2528466,NONE_STR,NONE_STR
988,,,,,988,0.7596935,NONE_STR,NONE_STR
989,,,,,989,0.18395875,NONE_STR,NONE_STR
990,,,,,990,-0.2702329,NONE_STR,NONE_STR
991,,,,,991,-0.7464392,NONE_STR,NONE_STR
992,,,,,992,-0.049435478,NONE_STR,NONE_STR
993,,,,,993,0.16094625,NONE_STR,NONE_STR
994,,,,,994,0.021465454,NONE_STR,NONE_STR
995,,,,,995,-0.26311752,NONE_STR,NONE_STR
996,,,,,996,-0.30905,NONE_STR,NONE_STR
997,,,,,997,-0.71803606,NONE_STR,NONE_STR
998,,,,,998,-0.80799586,NONE_STR,NONE_STR
999,,,,,999,-0.33020413,NONE_STR,NONE_STR
1000,,,,,1000,-0.10401239,NONE_STR,NONE_STR
1001,,,,,1001,-0.417664,NONE_STR,NONE_STR
1002,,,,,1002,-0.93133783,NONE_STR,NONE_STR
1003,,,,,1003,-1.2854574,NONE_STR,NONE_STR
1004,,,,,1004,-0.9744679,NONE_STR,NONE_STR
1005,,,,,1005,-0.8273705,NONE_STR,NONE_STR
1006,,,,,1006,-0.5663387,NONE_STR,NONE_STR
1007,,,,,1007,-0.659282,NONE_STR,NONE_STR
1008,,,,,1008,-0.7900894,NONE_STR,NONE_STR
1009,,,,,1009,-1.3111001,NONE_STR,NONE_STR
1010,,,,,1010,-0.9527144,NONE_STR,NONE_STR
1011,,,,,1011,-0.96829313,NONE_STR,NONE_STR
1012,,,,,1012,-0.31859434,NONE_STR,NONE_STR
1013,,,,,1013,-0.74561006,NONE_STR,NONE_STR
1014,,,,,1014,-0.37248254,NONE_STR,NONE_STR
1015,,,,,1015,-0.903848,NONE_STR,NONE_STR
1016,,,,,1016,-1.1606137,NONE_STR,NONE_STR
1017,,,,,1017,-0.92084306,NONE_STR,NONE_STR
1018,,,,,1018,-0.48144987,NONE_STR,NONE_STR
1019,,,,,1019,-0.011755653,NONE_STR,NONE_STR
1020,,,,,1020,0.0077875433,NONE_STR,NONE_STR
1021,,,,,1021,-0.4884119,NONE_STR,NONE_STR
1022,,,,,1022,-0.616841,NONE_STR,NONE_STR
1023,,,,,1023,-0.06492331,NONE_STR,NONE_STR
